[Header],,,,,,,,,,
IEMFileVersion,5,,,,,,,,,
Experiment Name,20230929_ORID0036-WG-Pool01+5A01,,,,,,,,,
Date,20230929,,,,,,,,,
Workflow,GenerateFASTQ,,,,,,,,,
Application,FASTQ Only,,,,,,,,,
Instrument Type,NovaSeq,,,,,,,,,
Assay,Custom,,,,,,,,,
Index Adapters,Custom,,,,,,,,,
Chemistry,Amplicon,,,,,,,,,
[Reads],,,,,,,,,,
151,,,,,,,,,,
151,,,,,,,,,,
[Settings],,,,,,,,,,
ReverseComplement,0,,,,,,,,,
Adapter,AGATCGGAAGAGCACACGTCTGAACTCCAGTCA+CTGTCTCTTATACACATCT,,,,,,,,,
AdapterRead2,AGATCGGAAGAGCGTCGTGTAGGGAAAGAGTGT+CTGTCTCTTATACACATCT,,,,,,,,,
[Data],,,,,,,,,,
Sample_ID,Sample_Name,Sample_Plate,Sample_Well,Index_Plate_Well,I7_Index_ID,index,I5_Index_ID,index2,Sample_Project,Description
2-A05,2-A05,,,,96-UDI-A-A05,CGTCCATGTA,96-UDI-A-A05,CGAGCACTTA,Pool01,
2-B01,2-B01,,,,96-UDI-A-B01,TGCACGGATA,96-UDI-A-B01,GTTGTCTGCG,Pool01,
2-B04,2-B04,,,,96-UDI-A-B04,CTCTCGAGGT,96-UDI-A-B04,TAAGGCATAG,Pool01,
2-C04,2-C04,,,,96-UDI-A-C04,CTGTACGGTA,96-UDI-A-C04,CGTACCTTCC,Pool01,
2-C07,2-C07,,,,96-UDI-A-C07,GGCCTTGTTA,96-UDI-A-C07,CGTGGAACAC,Pool01,
2-C09,2-C09,,,,96-UDI-A-C09,GTGAAGCTGC,96-UDI-A-C09,CTCACATTGC,Pool01,
2-C10,2-C10,,,,96-UDI-A-C10,ATGGAAGTGG,96-UDI-A-C10,CACCTACGAA,Pool01,
2-C11,2-C11,,,,96-UDI-A-C11,GAGTTGACAA,96-UDI-A-C11,ACAGATGCTA,Pool01,
2-E03,2-E03,,,,96-UDI-A-E03,AACGTTGAGA,96-UDI-A-E03,TTACCGACCG,Pool01,
2-E11,2-E11,,,,96-UDI-A-E11,AGGCCTCACA,96-UDI-A-E11,AACAGAACCT,Pool01,
2-F04,2-F04,,,,96-UDI-A-F04,GCAAGCACCT,96-UDI-A-F04,CGTCAGGATA,Pool01,
2-G02,2-G02,,,,96-UDI-A-G02,TTACCGACCG,96-UDI-A-G02,TGTCAAGCGT,Pool01,
2-G03,2-G03,,,,96-UDI-A-G03,ATGTCTCCGG,96-UDI-A-G03,CGAATAAGAG,Pool01,
2-G04,2-G04,,,,96-UDI-A-G04,GCCTGTCCTA,96-UDI-A-G04,AGCGGTCTTC,Pool01,
2-G06,2-G06,,,,96-UDI-A-G06,CCAACTCCGA,96-UDI-A-G06,GCGTTACTCC,Pool01,
2-G07,2-G07,,,,96-UDI-A-G07,ACTTGTGACG,96-UDI-A-G07,GGAGCTTGTG,Pool01,
2-G12,2-G12,,,,96-UDI-A-G12,CTGACGTGAA,96-UDI-A-G12,AGGCTATGTT,Pool01,
2-H07,2-H07,,,,96-UDI-A-H07,CCATGCGTTG,96-UDI-A-H07,GACAACACGG,Pool01,
2-H09,2-H09,,,,96-UDI-A-H09,TGTGCGTTAA,96-UDI-A-H09,TCGGCATTAA,Pool01,
3-B05,3-B05,,,,96-UDI-B-B05,CACACGCCAA,96-UDI-B-B05,TATCTTCAGC,Pool01,
3-B08,3-B08,,,,96-UDI-B-B08,GCTTCAATCA,96-UDI-B-B08,TTCCACCTGG,Pool01,
3-B10,3-B10,,,,96-UDI-B-B10,GACTGACATA,96-UDI-B-B10,ATGCGGCCAA,Pool01,
3-C09,3-C09,,,,96-UDI-B-C09,GTCACATCCG,96-UDI-B-C09,AGAACAGTGA,Pool01,
3-C10,3-C10,,,,96-UDI-B-C10,GCGATCCTTG,96-UDI-B-C10,CTCAGACACC,Pool01,
5-A01,5-A01,,,,96-UDI-D-A01,CCGGAACGAA,96-UDI-D-A01,CATAGTGTAG,Pool02,
