[Header],,,,,,,,,,
IEMFileVersion,5,,,,,,,,,
Experiment Name,20230918_ORID0036-WG-Pool04,,,,,,,,,
Date,20230918,,,,,,,,,
Workflow,GenerateFASTQ,,,,,,,,,
Application,FASTQ Only,,,,,,,,,
Instrument Type,NovaSeq,,,,,,,,,
Assay,Custom,,,,,,,,,
Index Adapters,Custom,,,,,,,,,
Chemistry,Amplicon,,,,,,,,,
[Reads],,,,,,,,,,
151,,,,,,,,,,
151,,,,,,,,,,
[Settings],,,,,,,,,,
ReverseComplement,0,,,,,,,,,
Adapter,AGATCGGAAGAGCACACGTCTGAACTCCAGTCA+CTGTCTCTTATACACATCT,,,,,,,,,
AdapterRead2,AGATCGGAAGAGCGTCGTGTAGGGAAAGAGTGT+CTGTCTCTTATACACATCT,,,,,,,,,
[Data],,,,,,,,,,
Sample_ID,Sample_Name,Sample_Plate,Sample_Well,Index_Plate_Well,I7_Index_ID,index,I5_Index_ID,index2,Sample_Project,Description
6-E06,6-E06,,,,96-UDI-A-E06,AAGGCCATAA,96-UDI-A-E06,TGTCCATCGG,ORID0036,
6-E10,6-E10,,,,96-UDI-A-E10,GTCCTTGGTG,96-UDI-A-E10,CCTCTTGACA,ORID0036,
6-F02,6-F02,,,,96-UDI-A-F02,CGGAGTGTGT,96-UDI-A-F02,CAGACGCCTT,ORID0036,
6-F09,6-F09,,,,96-UDI-A-F09,TTACTGCAGG,96-UDI-A-F09,GCACGTTCTA,ORID0036,
6-G07,6-G07,,,,96-UDI-A-G07,ACTTGTGACG,96-UDI-A-G07,GGAGCTTGTG,ORID0036,
6-H03,6-H03,,,,96-UDI-A-H03,GAAGGCGTTC,96-UDI-A-H03,GCTAGAGGTG,ORID0036,
6-H06,6-H06,,,,96-UDI-A-H06,CACGAGTATG,96-UDI-A-H06,CGCTAAGGCT,ORID0036,
6-H07,6-H07,,,,96-UDI-A-H07,CCATGCGTTG,96-UDI-A-H07,GACAACACGG,ORID0036,
6-H08,6-H08,,,,96-UDI-A-H08,CGGTTATCTG,96-UDI-A-H08,CAACGCATAA,ORID0036,
7-A02,7-A02,,,,96-UDI-B-A02,CAACACCGTA,96-UDI-B-A02,GAACAAGCCG,ORID0036,
7-A10,7-A10,,,,96-UDI-B-A10,CCAGTGATTG,96-UDI-B-A10,AAGTGCACCT,ORID0036,
7-B03,7-B03,,,,96-UDI-B-B03,CAGACGCCTT,96-UDI-B-B03,CAGAGCTCAA,ORID0036,
7-B04,7-B04,,,,96-UDI-B-B04,GTGGCACGAA,96-UDI-B-B04,TGCTAATTGG,ORID0036,
7-C07,7-C07,,,,96-UDI-B-C07,TCTCTAGTCG,96-UDI-B-C07,AATCGATCCA,ORID0036,
7-D11,7-D11,,,,96-UDI-B-D11,CAACGACTGA,96-UDI-B-D11,CCTGACAGAG,ORID0036,
7-D12,7-D12,,,,96-UDI-B-D12,GGAAGATCCG,96-UDI-B-D12,TACCGAATTC,ORID0036,
7-E01,7-E01,,,,96-UDI-B-E01,CCGTGGTGAA,96-UDI-B-E01,CCGTCCAGTT,ORID0036,
7-F04,7-F04,,,,96-UDI-B-F04,GTAGCTGTCG,96-UDI-B-F04,TTAACGCAGA,ORID0036,
7-F10,7-F10,,,,96-UDI-B-F10,AGACCGTTAA,96-UDI-B-F10,TGGCAATACA,ORID0036,
7-F11,7-F11,,,,96-UDI-B-F11,TGGTGGCTAG,96-UDI-B-F11,AAGGTCATCG,ORID0036,
7-G01,7-G01,,,,96-UDI-B-G01,ATGGATCGAA,96-UDI-B-G01,TTGCTGAGTT,ORID0036,
7-G04,7-G04,,,,96-UDI-B-G04,CACGTAAGGT,96-UDI-B-G04,CCTCTAAGCT,ORID0036,
7-G09,7-G09,,,,96-UDI-B-G09,AGGTGTGACC,96-UDI-B-G09,GAGTTCGGAG,ORID0036,
7-G11,7-G11,,,,96-UDI-B-G11,AGGCCAGGAT,96-UDI-B-G11,ACTCCTGCCT,ORID0036,