[Header],,,,,,,
Local Run Manager Analysis Id,5005,,,,,,
Experiment Name,12/15/2023_ORID0036_RUN4,,,,,,
Date,12/15/2023,,,,,,
Module,GenerateFASTQ - 2.0.1,,,,,,
Workflow,GenerateFASTQ,,,,,,
Library Prep Kit,IDT-ILMN TruSeq DNA-RNA UD 96 Indexes,,,,,,
Chemistry,Amplicon,,,,,,
,,,,,,,
[Reads],,,,,,,
151,,,,,,,
151,,,,,,,
,,,,,,,
[Settings],,,,,,,
Adapter,AGATCGGAAGAGCACACGTCTGAACTCCAGTCA,,,,,,
AdapterRead2,AGATCGGAAGAGCGTCGTGTAGGGAAAGAGTGT,,,,,,
,,,,,,,
[Data],,,,,,,
Sample_ID,Sample_Name,Description,I7_Index_ID,index,I5_Index_ID,index2,Project
B2,B2_RNASeq_Tot,,UDI0001,CCGCGGTT,UDI0001,CTAGCGCT,ORID0036_RUN4
B3,B3_RNASeq_Tot,,UDI0002,TTATAACC,UDI0002,TCGATATC,ORID0036_RUN4
B4,B4_RNASeq_Tot,,UDI0003,GGACTTGG,UDI0003,CGTCTGCG,ORID0036_RUN4
B5,B5_RNASeq_Tot,,UDI0004,AAGTCCAA,UDI0004,TACTCATA,ORID0036_RUN4
B6,B6_RNASeq_Tot,,UDI0005,ATCCACTG,UDI0005,ACGCACCT,ORID0036_RUN4
B7,B7_RNASeq_Tot,,UDI0006,GCTTGTCA,UDI0006,GTATGTTC,ORID0036_RUN4
B8,B8_RNASeq_Tot,,UDI0007,CAAGCTAG,UDI0007,CGCTATGT,ORID0036_RUN4
B9,B9_RNASeq_Tot,,UDI0008,TGGATCGA,UDI0008,TATCGCAC,ORID0036_RUN4
B10,B10_RNASeq_Tot,,UDI0009,AGTTCAGG,UDI0009,TCTGTTGG,ORID0036_RUN4
B11,B11_RNASeq_Tot,,UDI0010,GACCTGAA,UDI0010,CTCACCAA,ORID0036_RUN4
B12,B12_RNASeq_Tot,,UDI0011,TCTCTACT,UDI0011,GAACCGCG,ORID0036_RUN4